"SR. NO 
","SYMBOL 
","COMPANY NAME 
","ISIN 
","ASM STAGE 
"
"Long Term",,,,
1,"ADROITINFO","Adroit Infotech Limited","INE737B01033","LTASM - I (13)"
2,"AGNI","Agni Green Power Limited","INE0LF301013","LTASM - I (13)"
3,"AJOONI","Ajooni Biotech Limited","INE820Y01021","LTASM - I (13)"
4,"AKASH","Akash Infra Projects Limited","INE737W01013","LTASM - I (13)"
5,"AKASH","Akash Infra-Projects Limited","INE737W01013","LTASM - I (13)"
6,"ANANDRATHI","Anand Rathi Wealth Limited","INE463V01026","LTASM - I (13)"
7,"ANIKINDS","Anik Industries Limited","INE087B01017","LTASM - I (13)"
8,"APOLLO","Apollo Micro Systems Limited","INE713T01028","LTASM - II (14)"
9,"ARVIND","Arvind Limited","INE034A01011","LTASM - I (13)"
10,"ASHAPURMIN","Ashapura Minechem Limited","INE348A01023","LTASM - I (13)"
11,"ASIANENE","Asian Energy Services Limited","INE276G01015","LTASM - I (13)"
12,"ASMS","Bartronics India Limited","INE855F01042","LTASM - II (14)"
13,"AURIONPRO","Aurionpro Solutions Limited","INE132H01018","LTASM - III (15)"
14,"AVG","AVG Logistics Limited","INE680Z01018","LTASM - I (13)"
15,"AZAD","Azad Engineering Limited","INE02IJ01035","LTASM - I (13)"
16,"BASML","Bannari Amman Spinning Mills Limited","INE186H01022","LTASM - I (13)"
17,"BBL","Bharat Bijlee Limited","INE464A01036","LTASM - I (13)"
18,"BCONCEPTS","Brand Concepts Limited","INE977Y01011","LTASM - I (13)"
19,"BSE","BSE Limited","INE118H01025","LTASM - I (13)"
20,"BYKE","The Byke Hospitality Ltd","INE319B01014","LTASM - I (13)"
21,"CHEMFAB","Chemfab Alkalis Limited","INE783X01023","LTASM - I (13)"
22,"COMSYN","Commercial Syn Bags Limited","INE073V01015","LTASM - I (13)"
23,"CONTI","Continental Seeds and Chemicals Limited","INE340Z01019","LTASM - II (14)"
24,"CUPID","Cupid Limited","INE509F01029","LTASM - IV (16)"
25,"DBCORP","D.B.Corp Limited","INE950I01011","LTASM - II (14)"
26,"DHANBANK","Dhanlaxmi Bank Limited","INE680A01011","LTASM - III (15)"
27,"DOLATALGO","Dolat Algotech Limited","INE966A01022","LTASM - I (13)"
28,"DOLPHIN","Dolphin Offshore Enterprises (India) Limited","INE920A01037","LTASM - IV (16)"
29,"DRONE","Drone Destination Limited","INE0P7201019","LTASM - I (13)"
30,"DSSL","Dynacons Systems & Solutions Limited","INE417B01040","LTASM - I (13)"
31,"DYNAMATECH","Dynamatic Technologies Limited","INE221B01012","LTASM - I (13)"
32,"EIMCOELECO","Eimco Elecon (India) Limited","INE158B01016","LTASM - IV (16)"
33,"ELECTCAST","Electrosteel Castings Limited","INE086A01029","LTASM - I (13)"
34,"EMAMIREAL","Emami Realty Limited","INE778K01012","LTASM - I (13)"
35,"EMIL","Electronics Mart India Limited","INE02YR01019","LTASM - I (13)"
36,"EMUDHRA","eMudhra Limited","INE01QM01018","LTASM - I (13)"
37,"ENERGYDEV","Energy Development Company Limited","INE306C01019","LTASM - I (13)"
38,"FMNL","Future Market Networks Limited","INE360L01017","LTASM - I (13)"
39,"FORCEMOT","FORCE MOTORS LTD","INE451A01017","LTASM - I (13)"
40,"GALLANTT","Gallantt Ispat Limited","INE297H01019","LTASM - IV (16)"
41,"GENSOL","Gensol Engineering Limited","INE06H201014","LTASM - I (13)"
42,"GET&D","GE T&D India Limited","INE200A01026","LTASM - IV (16)"
43,"GODHA","Godha Cabcon & Insulation Limited","INE925Y01036","LTASM - I (13)"
44,"GPTINFRA","GPT Infraprojects Limited","INE390G01014","LTASM - IV (16)"
45,"GRCL","Gayatri Rubbers And Chemicals Limited","INE0LVM01018","LTASM - I (13)"
46,"GREENPOWER","Orient Green Power Company Limited","INE999K01014","LTASM - II (14)"
47,"GRWRHITECH","Garware Hi-Tech Films Limited","INE291A01017","LTASM - I (13)"
48,"GVKPIL","GVK Power & Infrastructure Limited","INE251H01024","LTASM - IV (16)"
49,"GVPTECH","GVP Infotech Limited","INE382T01030","LTASM - IV (16)"
50,"HAVISHA","Sri Havisha Hospitality and Infrastructure Limited","INE293B01029","LTASM - I (13)"
51,"HBLPOWER","HBL Power Systems Limited","INE292B01021","LTASM - I (13)"
52,"HINDMOTORS","Hindustan Motors Limited","INE253A01025","LTASM - I (13)"
53,"HINDZINC","Hindustan Zinc Limited","INE267A01025","LTASM - I (13)"
54,"HITECHGEAR","The Hi-Tech Gears Limited","INE127B01011","LTASM - IV (16)"
55,"HSCL","Himadri Speciality Chemical Limited","INE019C01026","LTASM - I (13)"
56,"HUBTOWN","Hubtown Limited","INE703H01016","LTASM - III (15)"
57,"IEL","Indiabulls Enterprises Limited","INE059901020","LTASM - I (13)"
58,"IITL","Industrial Investment Trust Limited","INE886A01014","LTASM - I (13)"
59,"INDOTECH","Indo Tech Transformers Limited","INE332H01014","LTASM - IV (16)"
60,"INDOTHAI","Indo Thai Securities Limited","INE337M01013","LTASM - I (13)"
61,"INDRAMEDCO","Indraprastha Medical Corporation Limited","INE681B01017","LTASM - I (13)"
62,"IWEL","Inox Wind Energy Limited","INE0FLR01028","LTASM - IV (16)"
63,"JAIBALAJI","Jai Balaji Industries Limited","INE091G01018","LTASM - IV (16)"
64,"JITFINFRA","JITF Infralogistics Limited","INE863T01013","LTASM - IV (16)"
65,"JPPOWER","Jaiprakash Power Ventures Limited","INE351F01018","LTASM - II (14)"
66,"JUBLINDS","Jubilant Industries Limited","INE645L01011","LTASM - I (13)"
67,"JYOTISTRUC","Jyoti Structures Limited","INE197A01024","LTASM - IV (16)"
68,"KALYANKJIL","Kalyan Jewellers India Limited","INE303R01014","LTASM - I (13)"
69,"KERNEX","Kernex Microsystems (India) Limited","INE202H01019","LTASM - I (13)"
70,"KIRLOSBROS","Kirloskar Brothers Limited","INE732A01036","LTASM - I (13)"
71,"KIRLOSENG","Kirloskar Oil Engines Limited","INE146L01010","LTASM - I (13)"
72,"KODYTECH","Kody Technolab Limited","INE0Q7P01013","LTASM - II (14)"
73,"KORE","Jay Jalaram Technologies Limited","INE0J6801010","LTASM - I (13)"
74,"LEXUS","Lexus Granito (India) Limited","INE500X01013","LTASM - I (13)"
75,"LGHL","Laxmi Goldorna House Limited","INE258Y01016","LTASM - I (13)"
76,"LLOYDS","Lloyds Luxuries Limited","INE0DTQ01028","LTASM - I (13)"
77,"LYPSAGEMS","Lypsa Gems & Jewellery Limited","INE142K01011","LTASM - I (13)"
78,"MACPOWER","Macpower CNC Machines Limited","INE155Z01011","LTASM - IV (16)"
79,"MANINDS","Man Industries (India) Limited","INE993A01026","LTASM - II (14)"
80,"MAXIND","Max India Limited","INE0CG601016","LTASM - I (13)"
81,"MCL","Madhav Copper Limited","INE813V01022","LTASM - I (13)"
82,"MEGASOFT","Megasoft Limited","INE933B01012","LTASM - I (13)"
83,"MICEL","MIC Electronics Limited","INE287C01037","LTASM - I (13)"
84,"MINDTECK","Mindteck (India) Limited","INE110B01017","LTASM - I (13)"
85,"MONARCH","Monarch Networth Capital Limited","INE903D01011","LTASM - I (13)"
86,"MOTILALOFS","Motilal Oswal Financial Services Limited","INE338I01027","LTASM - I (13)"
87,"MSPL","MSP Steel & Power Limited","INE752G01015","LTASM - I (13)"
88,"NEWGEN","Newgen Software Technologies Limited","INE619B01017","LTASM - I (13)"
89,"NORBTEAEXP","Norben Tea & Exports Limited","INE369C01017","LTASM - I (13)"
90,"OBCL","Orissa Bengal Carrier Limited","INE426Z01016","LTASM - I (13)"
91,"OMINFRAL","OM INFRA LIMITED","INE239D01028","LTASM - I (13)"
92,"ORCHPHARMA","Orchid Pharma Limited","INE191A01027","LTASM - I (13)"
93,"PFS","PTC India Financial Services Limited","INE560K01014","LTASM - I (13)"
94,"POWERINDIA","Hitachi Energy India Limited","INE07Y701011","LTASM - I (13)"
95,"PRAKASH","Prakash Industries Limited","INE603A01013","LTASM - I (13)"
96,"PURVA","Puravankara Limited","INE323I01011","LTASM - IV (16)"
97,"PVP","PVP Ventures Limited","INE362A01016","LTASM - I (13)"
98,"QUICKHEAL","Quick Heal Technologies Limited","INE306L01010","LTASM - I (13)"
99,"RAMANEWS","Shree Rama Newsprint Limited","INE278B01020","LTASM - I (13)"
100,"REMSONSIND","Remsons Industries Limited","INE474C01015","LTASM - I (13)"
101,"RKDL","Ravi Kumar Distilleries Limited","INE722J01012","LTASM - I (13)"
102,"RTNPOWER","RattanIndia Power Limited","INE399K01017","LTASM - IV (16)"
103,"SALASAR","Salasar Techno Engineering Limited","INE170V01027","LTASM - I (13)"
104,"SAMPANN","Sampann Utpadan India Limited","INE735M01018","LTASM - I (13)"
105,"SARVESHWAR","Sarveshwar Foods Limited","INE324X01026","LTASM - III (15)"
106,"SCHNEIDER","Schneider Electric Infrastructure Limited","INE839M01018","LTASM - II (14)"
107,"SECL","Salasar Exteriors and Contour Limited","INE00Y701026","LTASM - I (13)"
108,"SHAH","Shah Metacorp Limited","INE482J01021","LTASM - I (13)"
109,"SHAILY","Shaily Engineering Plastics Limited","INE151G01028","LTASM - I (13)"
110,"SHAKTIPUMP","Shakti Pumps (India) Limited","INE908D01010","LTASM - IV (16)"
111,"SHANTHALA","Shanthala FMCG Products Limited","INE0Q9Q01017","LTASM - I (13)"
112,"SHIVAMILLS","Shiva Mills Limited","INE644Y01017","LTASM - I (13)"
113,"SIKKO","Sikko Industries Limited","INE112X01017","LTASM - I (13)"
114,"SINCLAIR","Sinclairs Hotels Limited","INE985A01022","LTASM - I (13)"
115,"SINDHUTRAD","Sindhu Trade Links Limited","INE325D01025","LTASM - I (13)"
116,"SKYGOLD","Sky Gold Limited","INE01IU01018","LTASM - IV (16)"
117,"SMSPHARMA","SMS Pharmaceuticals Limited","INE812G01025","LTASM - I (13)"
118,"SOBHA","Sobha Limited","INE671H01015","LTASM - I (13)"
119,"SOFTTECH","Softtech Engineers Limited","INE728Z01015","LTASM - I (13)"
120,"SOLEX","Solex Energy Limited","INE880Y01017","LTASM - I (13)"
121,"SPMLINFRA","SPML Infra Limited","INE937A01023","LTASM - I (13)"
122,"SUNDARMHLD","Sundaram Finance Holdings Limited","INE202Z01029","LTASM - I (13)"
123,"SUULD","Suumaya Industries Limited","INE591Q01016","LTASM - I (13)"
124,"SUZLON","Suzlon Energy Limited","INE040H01021","LTASM - IV (16)"
125,"SWANENERGY","Swan Energy Limited","INE665A01038","LTASM - I (13)"
126,"SWSOLAR","Sterling and Wilson Renewable Energy Limited","INE00M201021","LTASM - I (13)"
127,"TALBROAUTO","Talbros Automotive Components Limited","INE187D01029","LTASM - I (13)"
128,"TARC","Anant Raj Global Limited","INE0EK901012","LTASM - I (13)"
129,"TARC","TARC Limited","INE0EK901012","LTASM - I (13)"
130,"TATAINVEST","Tata Investment Corporation Limited","INE672A01018","LTASM - III (15)"
131,"TATAMTRDVR","Tata Motors Limited","IN9155A01020","LTASM - I (13)"
132,"TECHLABS","Trident Techlabs Limited","INE0QD201012","LTASM - II (14)"
133,"TECHNOE","Techno Electric & Engineering Company Limited","INE285K01026","LTASM - IV (16)"
134,"TEXRAIL","Texmaco Rail & Engineering Limited","INE621L01012","LTASM - I (13)"
135,"THOMASCOOK","Thomas Cook  (India)  Limited","INE332A01027","LTASM - I (13)"
136,"TIMETECHNO","Time Technoplast Limited","INE508G01029","LTASM - I (13)"
137,"TORNTPOWER","Torrent Power Limited","INE813H01021","LTASM - I (13)"
138,"TPLPLASTEH","TPL Plastech Limited","INE413G01022","LTASM - I (13)"
139,"TRIL","Transformers And Rectifiers (India) Limited","INE763I01026","LTASM - IV (16)"
140,"TVSHLTD","TVS Holdings Limited","INE105A01035","LTASM - I (13)"
141,"UMANGDAIRY","Umang Dairies Limited","INE864B01027","LTASM - I (13)"
142,"URJA","Urja Global Limited","INE550C01020","LTASM - I (13)"
143,"V2RETAIL","V2 Retail Limited","INE945H01013","LTASM - IV (16)"
144,"VARDMNPOLY","Vardhman Polytex Limited","INE835A01029","LTASM - I (13)"
145,"VERTOZ","Vertoz Advertising Limited","INE188Y01015","LTASM - IV (16)"
146,"WALCHANNAG","Walchandnagar Industries Limited","INE711A01022","LTASM - II (14)"
147,"WANBURY","Wanbury Limited","INE107F01022","LTASM - I (13)"
148,"WEALTH","Wealth First Portfolio Managers Limited","INE658T01017","LTASM - I (13)"
149,"WEBELSOLAR","Websol Energy System Limited","INE855C01015","LTASM - IV (16)"
150,"WELINV","Welspun Investments and Commercials Limited","INE389K01018","LTASM - I (13)"
151,"WOCKPHARMA","Wockhardt Limited","INE049B01025","LTASM - III (15)"
152,"YUKEN","Yuken India Limited","INE384C01016","LTASM - I (13)"
"Short Term",,,,
1,"AATMAJ","Aatmaj Healthcare Limited","INE0OB201016","STASM - I (11)"
2,"ABCOTS","A B Cotspin India Limited","INE08PH01015","STASM - I (11)"
3,"ADANIPOWER","Adani Power Limited","INE814H01011","STASM - I (11)"
4,"ALLSEC","Allsec Technologies Limited","INE835G01018","STASM - I (11)"
5,"ALPEXSOLAR","Alpex Solar Limited","INE0R4701017","STASM - I (11)"
6,"AMEYA","Ameya Precision Engineers Limited","INE0KT901015","STASM - I (11)"
7,"ASHIMASYN","Ashima Limited","INE440A01010","STASM - I (11)"
8,"ASHOKAMET","Ashoka Metcast Limited","INE760Y01011","STASM - I (11)"
9,"ATMASTCO","Atmastco Limited","INE05DH01017","STASM - II (12)"
10,"BAHETI","Baheti Recycling Industries Limited","INE029Q01017","STASM - I (11)"
11,"BALAXI","BALAXI PHARMACEUTICALS LIMITED","INE618N01022","STASM - I (11)"
12,"BALAXI","Balaxi Ventures Limited","INE618N01022","STASM - I (11)"
13,"BIRDYS","Grill Splendour Services Limited","INE0PC901019","STASM - I (11)"
14,"BLUEPEBBLE","Blue Pebble Limited","INE0SAK01011","STASM - I (11)"
15,"BMETRICS","Bombay Metrics Supply Chain Limited","INE0I3Y01014","STASM - I (11)"
16,"BTML","Bodhi Tree Multimedia Limited","INE0EEJ01023","STASM - I (11)"
17,"CGRAPHICS","Creative Graphics Solutions India Limited","INE0R7401011","STASM - II (12)"
18,"CLOUD","Varanium Cloud Limited","INE0JOO01021","STASM - I (11)"
19,"EMKAYTOOLS","Emkay Taps and Cutting Tools Limited","INE332S01011","STASM - I (11)"
20,"ENSER","Enser Communications Limited","INE0R9I01013","STASM - I (11)"
21,"FROG","Frog Cellsat Limited","INE385O01018","STASM - I (11)"
22,"GRPLTD","GRP Limited","INE137I01015","STASM - I (11)"
23,"HYBRIDFIN","Hybrid Financial Services Limited","INE965B01022","STASM - I (11)"
24,"ICEMAKE","Ice Make Refrigeration Limited","INE520Y01019","STASM - I (11)"
25,"IIFLSEC","IIFL Securities Limited","INE489L01022","STASM - I (11)"
26,"KRISHNADEF","Krishna Defence and Allied Industries Limited","INE0J5601015","STASM - I (11)"
27,"OWAIS","Owais Metal And Mineral Processing Limited","INE0R8M01017","STASM - II (12)"
28,"PASHUPATI","Pashupati Cotspin Limited","INE124Y01010","STASM - I (11)"
29,"PRAMARA","Pramara Promotions Limited","INE0O7A01017","STASM - I (11)"
30,"REFRACTORY","Refractory Shapes Limited","INE0TNX01015","STASM - I (11)"
31,"SAHANA","Sahana System Limited","INE0LEX01011","STASM - I (11)"
32,"SHREEOSFM","Shree OSFM E-Mobility Limited","INE02S501018","STASM - I (11)"
33,"SHUBHLAXMI","Shubhlaxmi Jewel Art Limited","INE01Z401013","STASM - I (11)"
34,"SIDDHIKA","Siddhika Coatings Limited","INE0A1E01018","STASM - I (11)"
35,"SMSLIFE","SMS Lifesciences India Limited","INE320X01016","STASM - I (11)"
36,"TGL","Teerth Gopicon Limited","INE0K6601012","STASM - I (11)"
37,"TRUST","Trust Fintech Limited","INE0SWN01019","STASM - I (11)"
38,"VERITAAS","Veritaas Advertising Limited","INE0SRI01019","STASM - I (11)"
39,"VIVIANA","Viviana Power Tech Limited","INE0MEG01014","STASM - II (12)"
40,"VMARCIND","V Marc India Limited","INE0GXK01018","STASM - I (11)"
41,"ZFCVINDIA","ZF Commercial Vehicle Control Systems India Limited","INE342J01019","STASM - I (11)"hseheth