"SR. NO 
","SYMBOL 
","COMPANY NAME 
","ISIN 
","ESM STAGE 
"
1,"21STCENMGM","21st Century Management Services Limited","INE253B01015","ESM - II (35)"
2,"AARTECH","Aartech Solonics Limited","INE01C001018","ESM - II (35)"
3,"ABAN","Aban Offshore Limited","INE421A01028","ESM - I (34)"
4,"AKSHAR","Akshar Spintex Limited","INE256Z01025","ESM - I (34)"
5,"AKSHOPTFBR","Aksh Optifibre Limited","INE523B01011","ESM - I (34)"
6,"ALMONDZ","Almondz Global Securities Limited","INE326B01027","ESM - I (34)"
7,"ALPSINDUS","Alps Industries Limited","INE093B01015","ESM II & GSM 0 (37)"
8,"ANTGRAPHIC","Antarctica Limited","INE414B01021","ESM - I (34)"
9,"ARCHIDPLY","Archidply Industries Limited","INE877I01016","ESM - I (34)"
10,"ARCHIES","Archies Limited","INE731A01020","ESM - I (34)"
11,"ARSHIYA","Arshiya Limited","INE968D01022","ESM - I (34)"
12,"ARTNIRMAN","Art Nirman Limited","INE738V01013","ESM - I (34)"
13,"ARVEE","Arvee Laboratories (India) Limited","INE006Z01016","ESM - I (34)"
14,"ASHOKAMET","Ashoka Metcast Limited","INE760Y01011","ESM - I (34)"
15,"ASTRON","Astron Paper & Board Mill Limited","INE646X01014","ESM - I (34)"
16,"ATALREAL","Atal Realtech Limited","INE0ALR01029","ESM - I (34)"
17,"ATLANTAA","Atlantaa Limited","INE285H01022","ESM - I (34)"
18,"BAGFILMS","B.A.G Films And Media Limited","INE116D01028","ESM - I (34)"
19,"BANKA","Banka Bioloo Limited","INE862Y01015","ESM - I (34)"
20,"BGLOBAL","Bharatiya Global Infomedia Limited","INE224M01013","ESM - I (34)"
21,"BGRENERGY","Bgr Energy Systems Limited","INE661I01014","ESM - I (34)"
22,"BIL","Bhartiya International Limited","INE828A01016","ESM - I (34)"
23,"BKMINDST","Bkm Industries Limited","INE831Q01016","ESM II & GSM 0 (37)"
24,"BLBLIMITED","Blb Limited","INE791A01024","ESM - I (34)"
25,"BLUECHIP","Blue Chip India Limited","INE657B01025","ESM II & GSM 0 (37)"
26,"BOHRAIND","Bohra Industries Limited","INE802W01023","ESM - I (34)"
27,"BRNL","Bharat Road Network Limited","INE727S01012","ESM - I (34)"
28,"BROOKS","Brooks Laboratories Limited","INE650L01011","ESM - I (34)"
29,"CENTEXT","Century Extrusions Limited","INE281A01026","ESM - I (34)"
30,"CEREBRAINT","Cerebra Integrated Technologies Limited","INE345B01019","ESM - I (34)"
31,"CORALFINAC","Coral India Finance & Housing Limited","INE558D01021","ESM - I (34)"
32,"CROWN","Crown Lifters Limited","INE491V01019","ESM - II (35)"
33,"CTE","Cambridge Technology Enterprises Limited","INE627H01017","ESM - II (35)"
34,"CUBEXTUB","Cubex Tubings Limited","INE144D01012","ESM - II (35)"
35,"CYBERMEDIA","Cyber Media (India) Limited","INE278G01037","ESM - I (34)"
36,"DHRUV","Dhruv Consultancy Services Limited","INE506Z01015","ESM - I (34)"
37,"DIACABS","Diamond Power Infrastructure Limited","INE989C01020","ESM - II (35)"
38,"DIGIDRIVE","Digidrive Distributors Limited","INE0PSC01024","ESM - I (34)"
39,"DJML","Dj Mediaprint & Logistics Limited","INE0B1K01014","ESM - I (34)"
40,"DUCON","Ducon Infratechnologies Limited","INE741L01018","ESM - I (34)"
41,"ELECTHERM","Electrotherm (India) Limited","INE822G01016","ESM - II (35)"
42,"ESSENTIA","Integra Essentia Limited","INE418N01035","ESM - II (35)"
43,"EUROTEXIND","Eurotex Industries And Exports Limited","INE022C01012","ESM I & GSM 0 (36)"
44,"FMNL","Future Market Networks Limited","INE360L01017","ESM - I (34)"
45,"GANGAFORGE","Ganga Forging Limited","INE691Z01023","ESM - I (34)"
46,"GATECH","Gacm Technologies Limited","INE224E01028","ESM I & GSM 0 (36)"
47,"GATECHDVR","Gacm Technologies Limited","INE224E01036","ESM I & GSM 0 (36)"
48,"GILLANDERS","Gillanders Arbuthnot & Company Limited","INE047B01011","ESM - I (34)"
49,"GLFL","Gujarat Lease Financing Limited","INE540A01017","ESM I & GSM 0 (36)"
50,"GLOBAL","Global Education Limited","INE291W01029","ESM - I (34)"
51,"GLOBALVECT","Global Vectra Helicorp Limited","INE792H01019","ESM - II (35)"
52,"GOKUL","Gokul Refoils And Solvent Limited","INE020J01029","ESM - I (34)"
53,"GOYALALUM","Goyal Aluminiums Limited","INE705X01026","ESM - I (34)"
54,"GTECJAINX","G-Tec Jainx Education Limited","INE586X01012","ESM I & GSM 0 (36)"
55,"GTL","Gtl Limited","INE043A01012","ESM - I (34)"
56,"HEADSUP","Heads Up Ventures Limited","INE759V01019","ESM - I (34)"
57,"HINDCON","Hindcon Chemicals Limited","INE642Y01029","ESM - II (35)"
58,"ICDSLTD","Icds Limited","INE613B01010","ESM - I (34)"
59,"IL&FSENGG","Il&Fs Engineering And Construction Company Limited","INE369I01014","ESM - I (34)"
60,"IMPEXFERRO","Impex Ferro Tech Limited","INE691G01015","ESM - I (34)"
61,"INDSWFTLTD","Ind-Swift Limited","INE788B01028","ESM - II (35)"
62,"INVENTURE","Inventure Growth & Securities Limited","INE878H01024","ESM - I (34)"
63,"IVP","Ivp Limited","INE043C01018","ESM - I (34)"
64,"JAIPURKURT","Nandani Creation Limited","INE696V01013","ESM - I (34)"
65,"JHS","Jhs Svendgaard Laboratories Limited","INE544H01014","ESM - I (34)"
66,"JMA","Jullundur Motor Agency (Delhi) Limited","INE412C01023","ESM - I (34)"
67,"KANANIIND","Kanani Industries Limited","INE879E01037","ESM - I (34)"
68,"KARMAENG","Karma Energy Limited","INE725L01011","ESM - II (35)"
69,"KEEPLEARN","Dsj Keep Learning Limited","INE055C01020","ESM I & GSM 0 (36)"
70,"KEYFINSERV","Keynote Financial Services Limited","INE681C01015","ESM - I (34)"
71,"KRIDHANINF","Kridhan Infra Limited","INE524L01026","ESM II & GSM 0 (37)"
72,"KRITIKA","Kritika Wires Limited","INE00Z501029","ESM - II (35)"
73,"KSHITIJPOL","Kshitij Polyline Limited","INE013801027","ESM - I (34)"
74,"LAGNAM","Lagnam Spintex Limited","INE548Z01017","ESM - II (35)"
75,"LATTEYS","Latteys Industries Limited","INE262Z01023","ESM - I (34)"
76,"LCCINFOTEC","Lcc Infotech Limited","INE938A01021","ESM - I (34)"
77,"LFIC","Lakshmi Finance & Industrial Corporation Limited","INE850E01012","ESM - I (34)"
78,"LORDSCHLO","Lords Chloro Alkali Limited","INE846D01012","ESM - I (34)"
79,"LOTUSEYE","Lotus Eye Hospital And Institute Limited","INE947I01017","ESM - I (34)"
80,"MADHAV","Madhav Marbles And Granites Limited","INE925C01016","ESM - I (34)"
81,"MALUPAPER","Malu Paper Mills Limited","INE383H01017","ESM - I (34)"
82,"MANAKALUCO","Manaksia Aluminium Company Limited","INE859Q01017","ESM - I (34)"
83,"MANAKCOAT","Manaksia Coated Metals & Industries Limited","INE830Q01018","ESM - I (34)"
84,"MANAKSTEEL","Manaksia Steels Limited","INE824Q01011","ESM - I (34)"
85,"MARSHALL","Marshall Machines Limited","INE00SZ01018","ESM - I (34)"
86,"MCLEODRUSS","Mcleod Russel India Limited","INE942G01012","ESM - I (34)"
87,"MEDICO","Medico Remedies Limited","INE630Y01024","ESM - I (34)"
88,"MELSTAR","Melstar Information Technologies Limited","INE817A01019","ESM I & GSM 0 (36)"
89,"MEP","Mep Infrastructure Developers Limited","INE776I01010","ESM I & GSM 0 (36)"
90,"MITTAL","Mittal Life Style Limited","INE997Y01027","ESM - I (34)"
91,"MKPL","M K Proteins Limited","INE964W01021","ESM - I (34)"
92,"MODTHREAD","Modern Threads (India) Limited","INE794W01014","ESM - II (35)"
93,"MOKSH","Moksh Ornaments Limited","INE514Y01020","ESM - I (34)"
94,"MRO-TEK","Mro-Tek Realty Limited","INE398B01018","ESM - I (34)"
95,"NARMADA","Narmada Agrobase Limited","INE117Z01011","ESM - I (34)"
96,"NILAINFRA","Nila Infrastructures Limited","INE937C01029","ESM - I (34)"
97,"NILASPACES","Nila Spaces Limited","INE00S901012","ESM - II (35)"
98,"NITCO","Nitco Limited","INE858F01012","ESM - II (35)"
99,"NITIRAJ","Nitiraj Engineers Limited","INE439T01012","ESM - I (34)"
100,"NOIDATOLL","Noida Toll Bridge Company Limited","INE781B01015","ESM - I (34)"
101,"OILCOUNTUB","Oil Country Tubular Limited","INE591A01010","ESM - I (34)"
102,"OMAXAUTO","Omax Autos Limited","INE090B01011","ESM - II (35)"
103,"ONELIFECAP","Onelife Capital Advisors Limited","INE912L01015","ESM - I (34)"
104,"ORIENTALTL","Oriental Trimex Limited","INE998H01012","ESM - I (34)"
105,"OSIAHYPER","Osia Hyper Retail Limited","INE06IR01021","ESM - I (34)"
106,"OSWALSEEDS","Shreeoswal Seeds And Chemicals Limited","INE00IK01029","ESM - I (34)"
107,"PALREDTEC","Palred Technologies Limited","INE218G01033","ESM - I (34)"
108,"PARASPETRO","Paras Petrofils Limited","INE162C01024","ESM - II (35)"
109,"PEARLPOLY","Pearl Polymers Limited","INE844A01013","ESM - I (34)"
110,"PIGL","Power & Instrumentation (Gujarat) Limited","INE557Z01018","ESM - II (35)"
111,"PILITA","Pil Italica Lifestyle Limited","INE600A01035","ESM - I (34)"
112,"PRAENG","Prajay Engineers Syndicate Limited","INE505C01016","ESM - II (35)"
113,"PRAKASHSTL","Prakash Steelage Limited","INE696K01024","ESM - I (34)"
114,"PRAXIS","Praxis Home Retail Limited","INE546Y01022","ESM I & GSM 0 (36)"
115,"PRECOT","Precot Limited","INE283A01014","ESM - I (34)"
116,"PRITIKAUTO","Pritika Auto Industries Limited","INE583R01029","ESM - I (34)"
117,"PRUDMOULI","Prudential Sugar Corporation Limited","INE024D01016","ESM - I (34)"
118,"RAJMET","Rajnandini Metal Limited","INE00KV01022","ESM - I (34)"
119,"RAJTV","Raj Television Network Limited","INE952H01027","ESM - II (35)"
120,"RBZJEWEL","Rbz Jewellers Limited","INE0PEQ01016","ESM - I (34)"
121,"REGENCERAM","Regency Ceramics Limited","INE277C01012","ESM II & GSM 0 (37)"
122,"RHFL","Reliance Home Finance Limited","INE217K01011","ESM - II (35)"
123,"RHL","Robust Hotels Limited","INE508K01013","ESM - II (35)"
124,"ROLLT","Rollatainers Limited","INE927A01040","ESM - II (35)"
125,"ROML","Raj Oil Mills Limited","INE294G01026","ESM - I (34)"
126,"RPPINFRA","R.P.P. Infra Projects Limited","INE324L01013","ESM - II (35)"
127,"RPPL","Rajshree Polypack Limited","INE760W01015","ESM - I (34)"
128,"RSSOFTWARE","R. S. Software (India) Limited","INE165B01029","ESM - I (34)"
129,"RVHL","Ravinder Heights Limited","INE09E501017","ESM - I (34)"
130,"S&SPOWER","S&S Power Switchgears Limited","INE902B01017","ESM - II (35)"
131,"SABEVENTS","Sab Events & Governance Now Media Limited","INE860T01019","ESM - II (35)"
132,"SABTNL","Sri Adhikari Brothers Television Network Limited","INE416A01044","ESM - II (35)"
133,"SALSTEEL","S.A.L. Steel Limited","INE658G01014","ESM - II (35)"
134,"SAMBHAAV","Sambhaav Media Limited","INE699B01027","ESM - I (34)"
135,"SANGINITA","Sanginita Chemicals Limited","INE753W01010","ESM - I (34)"
136,"SECURKLOUD","Securekloud Technologies Limited","INE650K01021","ESM - I (34)"
137,"SETCO","Setco Automotive Limited","INE878E01021","ESM - II (35)"
138,"SHANTI","Shanti Overseas (India) Limited","INE933X01016","ESM - I (34)"
139,"SHREERAMA","Shree Rama Multi-Tech Limited","INE879A01019","ESM - I (34)"
140,"SHYAMCENT","Shyam Century Ferrous Limited","INE979R01011","ESM - I (34)"
141,"SHYAMTEL","Shyam Telecom Limited","INE635A01023","ESM II & GSM 0 (37)"
142,"SIMPLEXINF","Simplex Infrastructures Limited","INE059B01024","ESM - I (34)"
143,"SMARTLINK","Smartlink Holdings Limited","INE178C01020","ESM - I (34)"
144,"SOMATEX","Soma Textiles & Industries Limited","INE314C01013","ESM - I (34)"
145,"SPYL","Shekhawati Poly-Yarn Limited","INE268L01020","ESM - II (35)"
146,"SRPL","Shree Ram Proteins Limited","INE008Z01020","ESM - I (34)"
147,"STARTECK","Starteck Finance Limited","INE992I01013","ESM - II (35)"
148,"SUMIT","Sumit Woods Limited","INE748Z01013","ESM - I (34)"
149,"SUPERSPIN","Super Spinning Mills Limited","INE662A01027","ESM - I (34)"
150,"SUPREMEENG","Supreme Engineering Limited","INE319Z01021","ESM I & GSM 0 (36)"
151,"SUPREMEINF","Supreme Infrastructure India Limited","INE550H01011","ESM - I (34)"
152,"SURANAT&P","Surana Telecom And Power Limited","INE130B01031","ESM - I (34)"
153,"TARAPUR","Tarapur Transformers Limited","INE747K01017","ESM II & GSM 0 (37)"
154,"TARMAT","Tarmat Limited","INE924H01018","ESM - I (34)"
155,"TECHIN","Techindia Nirman Limited","INE778A01021","ESM - II (35)"
156,"TECILCHEM","Tecil Chemicals And Hydro Power Limited","INE014B01011","ESM I & GSM 0 (36)"
157,"TERASOFT","Tera Software Limited","INE482B01010","ESM - I (34)"
158,"TFL","Transwarranty Finance Limited","INE804H01012","ESM - I (34)"
159,"THOMASCOTT","Thomas Scott (India) Limited","INE480M01011","ESM - II (35)"
160,"TIJARIA","Tijaria Polypipes Limited","INE440L01017","ESM II & GSM 0 (37)"
161,"TIL","Til Limited","INE806C01018","ESM - I (34)"
162,"TIMESGTY","Times Guaranty Limited","INE289C01025","ESM - I (34)"
163,"TNTELE","Tamilnadu Telecommunication Limited","INE141D01018","ESM - II (35)"
164,"TPHQ","Teamo Productions Hq Limited","INE065J01024","ESM - II (35)"
165,"TREEHOUSE","Tree House Education & Accessories Limited","INE040M01013","ESM - I (34)"
166,"TREJHARA","Trejhara Solutions Limited","INE00CA01015","ESM - I (34)"
167,"TRF","Trf Limited","INE391D01019","ESM - II (35)"
168,"TVVISION","Tv Vision Limited","INE871L01013","ESM - I (34)"
169,"UMAEXPORTS","Uma Exports Limited","INE0GIU01018","ESM - II (35)"
170,"UNIINFO","Uniinfo Telecom Services Limited","INE481Z01011","ESM - I (34)"
171,"UNIVASTU","Univastu India Limited","INE562X01013","ESM - I (34)"
172,"USK","Udayshivakumar Infra Limited","INE0N0Y01013","ESM - I (34)"
173,"VASWANI","Vaswani Industries Limited","INE590L01019","ESM - I (34)"
174,"VIJIFIN","Viji Finance Limited","INE159N01027","ESM II & GSM 0 (37)"
175,"VINEETLAB","Vineet Laboratories Limited","INE505Y01010","ESM - I (34)"
176,"VIPULLTD","Vipul Limited","INE946H01037","ESM - II (35)"
177,"VISESHINFO","Visesh Infotecnics Limited","INE861A01058","ESM - I (34)"
178,"VIVIDHA","Visagar Polytex Limited","INE370E01029","ESM - I (34)"
179,"VSTL","Vibhor Steel Tubes Limited","INE0QTF01015","ESM - I (34)"
180,"YAARI","Yaari Digital Integrated Services Limited","INE126M01010","ESM I & GSM 0 (36)"
181,"ZEELEARN","Zee Learn Limited","INE565L01011","ESM - I (34)"
182,"ZODIAC","Zodiac Energy Limited","INE761Y01019","ESM - II (35)"